ANO;MES;Id_SERVIDOR_PORTAL;CPF;NOME;REMUNERAÇÃO BÁSICA BRUTA (R$);REMUNERAÇÃO BÁSICA BRUTA (U$);ABATE-TETO (R$);ABATE-TETO (U$);GRATIFICAÇÃO NATALINA (R$);GRATIFICAÇÃO NATALINA (U$);ABATE-TETO DA GRATIFICAÇÃO NATALINA (R$);ABATE-TETO DA GRATIFICAÇÃO NATALINA (U$);FÉRIAS (R$);FÉRIAS (U$);OUTRAS REMUNERAÇÕES EVENTUAIS (R$);OUTRAS REMUNERAÇÕES EVENTUAIS (U$);IRRF (R$);IRRF (U$);PSS/RPGS (R$);PSS/RPGS (U$);DEMAIS DEDUÇÕES (R$);DEMAIS DEDUÇÕES (U$);PENSÃO MILITAR (R$);PENSÃO MILITAR (U$);FUNDO DE SAÚDE (R$);FUNDO DE SAÚDE (U$);TAXA DE OCUPAÇÃO IMÓVEL FUNCIONAL (R$);TAXA DE OCUPAÇÃO IMÓVEL FUNCIONAL (U$);REMUNERAÇÃO APÓS DEDUÇÕES OBRIGATÓRIAS (R$);REMUNERAÇÃO APÓS DEDUÇÕES OBRIGATÓRIAS (U$);VERBAS INDENIZATÓRIAS REGISTRADAS EM SISTEMAS DE PESSOAL - CIVIL (R$)(*);VERBAS INDENIZATÓRIAS REGISTRADAS EM SISTEMAS DE PESSOAL - CIVIL (U$)(*);VERBAS INDENIZATÓRIAS REGISTRADAS EM SISTEMAS DE PESSOAL - MILITAR (R$)(*);VERBAS INDENIZATÓRIAS REGISTRADAS EM SISTEMAS DE PESSOAL - MILITAR (U$)(*);VERBAS INDENIZATÓRIAS PROGRAMA DESLIGAMENTO VOLUNTÁRIO  MP 792/2017 (R$);VERBAS INDENIZATÓRIAS PROGRAMA DESLIGAMENTO VOLUNTÁRIO  MP 792/2017 (U$);TOTAL DE VERBAS INDENIZATÓRIAS (R$)(*);TOTAL DE VERBAS INDENIZATÓRIAS (U$)(*)
2013;01;2865092;***.498.902-**;ANDERSON VIEIRA DE LIMA;5885,74;0,00;0,00;0,00;0,00;0,00;0,00;0,00;843,81;0,00;0,00;0,00;-680,58;0,00;-536,04;0,00;-20,80;0,00;0,00;0,00;0,00;0,00;0,00;0,00;5492,13;0,00;504,49;0,00;0,00;0,00;0,00;0,00;504,49;0,00
2013;02;2865092;***.498.902-**;ANDERSON VIEIRA DE LIMA;5827,77;0,00;0,00;0,00;0,00;0,00;0,00;0,00;0,00;0,00;0,00;0,00;-412,55;0,00;-381,11;0,00;-1071,61;0,00;0,00;0,00;0,00;0,00;0,00;0,00;3962,50;0,00;435,49;0,00;0,00;0,00;0,00;0,00;435,49;0,00
2013;03;2865092;***.498.902-**;ANDERSON VIEIRA DE LIMA;5885,74;0,00;0,00;0,00;0,00;0,00;0,00;0,00;0,00;0,00;57,97;0,00;-706,71;0,00;-498,99;0,00;0,00;0,00;0,00;0,00;0,00;0,00;0,00;0,00;4738,01;0,00;435,49;0,00;0,00;0,00;0,00;0,00;435,49;0,00
2013;04;2865092;***.498.902-**;ANDERSON VIEIRA DE LIMA;5885,74;0,00;0,00;0,00;0,00;0,00;0,00;0,00;0,00;0,00;0,00;0,00;-690,77;0,00;-498,99;0,00;0,00;0,00;0,00;0,00;0,00;0,00;0,00;0,00;4695,98;0,00;435,49;0,00;0,00;0,00;0,00;0,00;435,49;0,00
2013;05;2865092;***.498.902-**;ANDERSON VIEIRA DE LIMA;5885,74;0,00;0,00;0,00;0,00;0,00;0,00;0,00;0,00;0,00;0,00;0,00;-690,77;0,00;-498,99;0,00;0,00;0,00;0,00;0,00;0,00;0,00;0,00;0,00;4695,98;0,00;435,49;0,00;0,00;0,00;0,00;0,00;435,49;0,00
2013;06;2865092;***.498.902-**;ANDERSON VIEIRA DE LIMA;5885,74;0,00;0,00;0,00;0,00;0,00;0,00;0,00;0,00;0,00;0,00;0,00;-713,19;0,00;-498,99;0,00;-4,29;0,00;0,00;0,00;0,00;0,00;0,00;0,00;4669,27;0,00;521,29;0,00;0,00;0,00;0,00;0,00;521,29;0,00
2013;07;2865092;***.498.902-**;ANDERSON VIEIRA DE LIMA;5885,74;0,00;0,00;0,00;0,00;0,00;0,00;0,00;0,00;0,00;0,00;0,00;-708,01;0,00;-498,99;0,00;-3,30;0,00;0,00;0,00;0,00;0,00;0,00;0,00;4675,44;0,00;501,49;0,00;0,00;0,00;0,00;0,00;501,49;0,00
2013;08;2865092;***.498.902-**;ANDERSON VIEIRA DE LIMA;5885,74;0,00;0,00;0,00;0,00;0,00;0,00;0,00;0,00;0,00;0,00;0,00;-708,01;0,00;-498,99;0,00;-3,30;0,00;0,00;0,00;0,00;0,00;0,00;0,00;4675,44;0,00;501,49;0,00;0,00;0,00;0,00;0,00;501,49;0,00
2013;09;2865092;***.498.902-**;ANDERSON VIEIRA DE LIMA;6015,21;0,00;0,00;0,00;0,00;0,00;0,00;0,00;0,00;0,00;0,00;0,00;-739,75;0,00;-513,07;0,00;-17,72;0,00;0,00;0,00;0,00;0,00;0,00;0,00;4744,67;0,00;500,86;0,00;0,00;0,00;0,00;0,00;500,86;0,00
2013;10;2865092;***.498.902-**;ANDERSON VIEIRA DE LIMA;6015,21;0,00;0,00;0,00;0,00;0,00;0,00;0,00;0,00;0,00;0,00;0,00;-739,75;0,00;-513,07;0,00;-9,48;0,00;0,00;0,00;0,00;0,00;0,00;0,00;4752,91;0,00;500,86;0,00;0,00;0,00;0,00;0,00;500,86;0,00
2013;11;2865092;***.498.902-**;ANDERSON VIEIRA DE LIMA;6015,21;0,00;0,00;0,00;6015,21;0,00;0,00;0,00;0,00;0,00;0,00;0,00;-1462,25;0,00;-1026,14;0,00;-2185,79;0,00;0,00;0,00;0,00;0,00;0,00;0,00;7356,24;0,00;500,86;0,00;0,00;0,00;0,00;0,00;500,86;0,00
2013;12;2865092;***.498.902-**;ANDERSON VIEIRA DE LIMA;6015,21;0,00;0,00;0,00;3007,60;0,00;0,00;0,00;2005,07;0,00;0,00;0,00;-720,48;0,00;-513,07;0,00;-3,30;0,00;0,00;0,00;0,00;0,00;0,00;0,00;9791,03;0,00;500,86;0,00;0,00;0,00;0,00;0,00;500,86;0,00
2014;01;2865092;***.498.902-**;ANDERSON VIEIRA DE LIMA;6285,15;0,00;0,00;0,00;0,00;0,00;0,00;0,00;89,98;0,00;0,00;0,00;-753,79;0,00;-539,89;0,00;-33,30;0,00;0,00;0,00;0,00;0,00;0,00;0,00;5048,15;0,00;499,22;0,00;0,00;0,00;0,00;0,00;499,22;0,00
2014;02;2865092;***.498.902-**;ANDERSON VIEIRA DE LIMA;6285,15;0,00;0,00;0,00;0,00;0,00;0,00;0,00;0,00;0,00;0,00;0,00;-753,79;0,00;-539,89;0,00;-13,30;0,00;0,00;0,00;0,00;0,00;0,00;0,00;4978,17;0,00;499,22;0,00;0,00;0,00;0,00;0,00;499,22;0,00
2014;03;2865092;***.498.902-**;ANDERSON VIEIRA DE LIMA;6285,15;0,00;0,00;0,00;0,00;0,00;0,00;0,00;0,00;0,00;0,00;0,00;-753,79;0,00;-539,89;0,00;-3,30;0,00;0,00;0,00;0,00;0,00;0,00;0,00;4988,17;0,00;499,22;0,00;0,00;0,00;0,00;0,00;499,22;0,00
2014;04;2865092;***.498.902-**;ANDERSON VIEIRA DE LIMA;6285,15;0,00;0,00;0,00;0,00;0,00;0,00;0,00;0,00;0,00;0,00;0,00;-753,79;0,00;-539,89;0,00;-3,30;0,00;0,00;0,00;0,00;0,00;0,00;0,00;4988,17;0,00;499,22;0,00;0,00;0,00;0,00;0,00;499,22;0,00
2014;05;2865092;***.498.902-**;ANDERSON VIEIRA DE LIMA;6285,15;0,00;0,00;0,00;0,00;0,00;0,00;0,00;0,00;0,00;0,00;0,00;-753,79;0,00;-539,89;0,00;-23,30;0,00;0,00;0,00;0,00;0,00;0,00;0,00;4968,17;0,00;499,22;0,00;0,00;0,00;0,00;0,00;499,22;0,00
2014;06;2865092;***.498.902-**;ANDERSON VIEIRA DE LIMA;6285,15;0,00;0,00;0,00;0,00;0,00;0,00;0,00;0,00;0,00;0,00;0,00;-753,79;0,00;-539,89;0,00;-3,30;0,00;0,00;0,00;0,00;0,00;0,00;0,00;4988,17;0,00;499,22;0,00;0,00;0,00;0,00;0,00;499,22;0,00
2014;07;2865092;***.498.902-**;ANDERSON VIEIRA DE LIMA;6285,15;0,00;0,00;0,00;0,00;0,00;0,00;0,00;0,00;0,00;0,00;0,00;-753,79;0,00;-539,89;0,00;-3,30;0,00;0,00;0,00;0,00;0,00;0,00;0,00;4988,17;0,00;499,22;0,00;0,00;0,00;0,00;0,00;499,22;0,00
2014;08;2865092;***.498.902-**;ANDERSON VIEIRA DE LIMA;6285,15;0,00;0,00;0,00;0,00;0,00;0,00;0,00;0,00;0,00;0,00;0,00;-753,79;0,00;-539,89;0,00;-3,30;0,00;0,00;0,00;0,00;0,00;0,00;0,00;4988,17;0,00;499,22;0,00;0,00;0,00;0,00;0,00;499,22;0,00
2014;09;2865092;***.498.902-**;ANDERSON VIEIRA DE LIMA;6285,15;0,00;0,00;0,00;0,00;0,00;0,00;0,00;0,00;0,00;0,00;0,00;-753,79;0,00;-539,89;0,00;-23,30;0,00;0,00;0,00;0,00;0,00;0,00;0,00;4968,17;0,00;499,22;0,00;0,00;0,00;0,00;0,00;499,22;0,00
2014;10;2865092;***.498.902-**;ANDERSON VIEIRA DE LIMA;6285,15;0,00;0,00;0,00;0,00;0,00;0,00;0,00;0,00;0,00;0,00;0,00;-684,35;0,00;-521,89;0,00;-292,76;0,00;0,00;0,00;0,00;0,00;0,00;0,00;4786,15;0,00;499,22;0,00;0,00;0,00;0,00;0,00;499,22;0,00
2014;11;2865092;***.498.902-**;ANDERSON VIEIRA DE LIMA;6285,15;0,00;0,00;0,00;6285,15;0,00;0,00;0,00;0,00;0,00;0,00;0,00;-1507,58;0,00;-1079,78;0,00;-3010,90;0,00;0,00;0,00;0,00;0,00;0,00;0,00;6972,04;0,00;499,22;0,00;0,00;0,00;0,00;0,00;499,22;0,00
2014;12;2865092;***.498.902-**;ANDERSON VIEIRA DE LIMA;6285,15;0,00;0,00;0,00;3142,57;0,00;0,00;0,00;2095,05;0,00;0,00;0,00;-776,83;0,00;-539,89;0,00;-3,30;0,00;0,00;0,00;0,00;0,00;0,00;0,00;10202,75;0,00;499,22;0,00;0,00;0,00;0,00;0,00;499,22;0,00
2015;01;2865092;***.498.902-**;ANDERSON VIEIRA DE LIMA;6568,74;0,00;0,00;0,00;0,00;0,00;0,00;0,00;94,53;0,00;0,00;0,00;-824,01;0,00;-568,14;0,00;-22,70;0,00;0,00;0,00;0,00;0,00;0,00;0,00;5248,42;0,00;497,48;0,00;0,00;0,00;0,00;0,00;497,48;0,00
2015;02;2865092;***.498.902-**;ANDERSON VIEIRA DE LIMA;6568,74;0,00;0,00;0,00;0,00;0,00;0,00;0,00;0,00;0,00;0,00;0,00;-824,01;0,00;-568,14;0,00;-3,30;0,00;0,00;0,00;0,00;0,00;0,00;0,00;5173,29;0,00;497,48;0,00;0,00;0,00;0,00;0,00;497,48;0,00
2015;03;2865092;***.498.902-**;ANDERSON VIEIRA DE LIMA;6717,24;0,00;0,00;0,00;0,00;0,00;0,00;0,00;0,00;0,00;0,00;0,00;-817,20;0,00;-584,29;0,00;-3,30;0,00;0,00;0,00;0,00;0,00;0,00;0,00;5312,45;0,00;496,74;0,00;0,00;0,00;0,00;0,00;496,74;0,00
2015;04;2865092;***.498.902-**;ANDERSON VIEIRA DE LIMA;6717,24;0,00;0,00;0,00;0,00;0,00;0,00;0,00;0,00;0,00;0,00;0,00;-817,20;0,00;-584,29;0,00;-3,30;0,00;0,00;0,00;0,00;0,00;0,00;0,00;5312,45;0,00;496,74;0,00;0,00;0,00;0,00;0,00;496,74;0,00
2015;05;2865092;***.498.902-**;ANDERSON VIEIRA DE LIMA;6717,24;0,00;0,00;0,00;0,00;0,00;0,00;0,00;0,00;0,00;0,00;0,00;-817,20;0,00;-584,29;0,00;-3,30;0,00;0,00;0,00;0,00;0,00;0,00;0,00;5312,45;0,00;496,74;0,00;0,00;0,00;0,00;0,00;496,74;0,00
2015;06;2865092;***.498.902-**;ANDERSON VIEIRA DE LIMA;6717,24;0,00;0,00;0,00;0,00;0,00;0,00;0,00;0,00;0,00;0,00;0,00;-817,20;0,00;-584,29;0,00;-3,30;0,00;0,00;0,00;0,00;0,00;0,00;0,00;5312,45;0,00;496,74;0,00;0,00;0,00;0,00;0,00;496,74;0,00
2015;07;2865092;***.498.902-**;ANDERSON VIEIRA DE LIMA;6717,24;0,00;0,00;0,00;0,00;0,00;0,00;0,00;0,00;0,00;0,00;0,00;-817,20;0,00;-584,29;0,00;-3,30;0,00;0,00;0,00;0,00;0,00;0,00;0,00;5312,45;0,00;496,74;0,00;0,00;0,00;0,00;0,00;496,74;0,00
2015;08;2865092;***.498.902-**;ANDERSON VIEIRA DE LIMA;6717,24;0,00;0,00;0,00;0,00;0,00;0,00;0,00;0,00;0,00;0,00;0,00;-817,20;0,00;-584,29;0,00;-3,30;0,00;0,00;0,00;0,00;0,00;0,00;0,00;5312,45;0,00;496,74;0,00;0,00;0,00;0,00;0,00;496,74;0,00
2015;09;2865092;***.498.902-**;ANDERSON VIEIRA DE LIMA;6717,24;0,00;0,00;0,00;0,00;0,00;0,00;0,00;0,00;0,00;0,00;0,00;-817,20;0,00;-584,29;0,00;-3,30;0,00;0,00;0,00;0,00;0,00;0,00;0,00;5312,45;0,00;496,74;0,00;0,00;0,00;0,00;0,00;496,74;0,00
2015;10;2865092;***.498.902-**;ANDERSON VIEIRA DE LIMA;6717,24;0,00;0,00;0,00;0,00;0,00;0,00;0,00;0,00;0,00;0,00;0,00;-817,20;0,00;-584,29;0,00;-3,30;0,00;0,00;0,00;0,00;0,00;0,00;0,00;5312,45;0,00;496,74;0,00;0,00;0,00;0,00;0,00;496,74;0,00
2015;11;2865092;***.498.902-**;ANDERSON VIEIRA DE LIMA;6717,24;0,00;0,00;0,00;6717,24;0,00;0,00;0,00;0,00;0,00;0,00;0,00;-1634,40;0,00;-1168,58;0,00;-3145,87;0,00;0,00;0,00;0,00;0,00;0,00;0,00;7485,63;0,00;496,74;0,00;0,00;0,00;0,00;0,00;496,74;0,00
2015;12;2865092;***.498.902-**;ANDERSON VIEIRA DE LIMA;6717,24;0,00;0,00;0,00;3358,62;0,00;0,00;0,00;3363,54;0,00;0,00;0,00;-1124,68;0,00;-682,00;0,00;-24,42;0,00;0,00;0,00;0,00;0,00;0,00;0,00;11608,30;0,00;496,74;0,00;0,00;0,00;0,00;0,00;496,74;0,00
2016;01;2865092;***.498.902-**;ANDERSON VIEIRA DE LIMA;6717,24;0,00;0,00;0,00;0,00;0,00;0,00;0,00;0,00;0,00;0,00;0,00;-817,20;0,00;-584,29;0,00;-52,53;0,00;0,00;0,00;0,00;0,00;0,00;0,00;5263,22;0,00;921,74;0,00;0,00;0,00;0,00;0,00;921,74;0,00
2016;02;2865092;***.498.902-**;ANDERSON VIEIRA DE LIMA;6717,24;0,00;0,00;0,00;0,00;0,00;0,00;0,00;0,00;0,00;0,00;0,00;-541,98;0,00;-460,60;0,00;-1140,51;0,00;0,00;0,00;0,00;0,00;0,00;0,00;4574,15;0,00;836,74;0,00;0,00;0,00;0,00;0,00;836,74;0,00
2016;03;2865092;***.498.902-**;ANDERSON VIEIRA DE LIMA;6717,24;0,00;0,00;0,00;0,00;0,00;0,00;0,00;0,00;0,00;0,00;0,00;-817,20;0,00;-584,29;0,00;-16,05;0,00;0,00;0,00;0,00;0,00;0,00;0,00;5299,70;0,00;836,74;0,00;0,00;0,00;0,00;0,00;836,74;0,00
2016;04;2865092;***.498.902-**;ANDERSON VIEIRA DE LIMA;6717,24;0,00;0,00;0,00;0,00;0,00;0,00;0,00;0,00;0,00;0,00;0,00;-817,20;0,00;-584,29;0,00;-16,05;0,00;0,00;0,00;0,00;0,00;0,00;0,00;5299,70;0,00;836,74;0,00;0,00;0,00;0,00;0,00;836,74;0,00
2016;05;2865092;***.498.902-**;ANDERSON VIEIRA DE LIMA;6717,24;0,00;0,00;0,00;0,00;0,00;0,00;0,00;0,00;0,00;0,00;0,00;-817,20;0,00;-584,29;0,00;-16,05;0,00;0,00;0,00;0,00;0,00;0,00;0,00;5299,70;0,00;836,74;0,00;0,00;0,00;0,00;0,00;836,74;0,00
2016;06;2865092;***.498.902-**;ANDERSON VIEIRA DE LIMA;6717,24;0,00;0,00;0,00;0,00;0,00;0,00;0,00;0,00;0,00;0,00;0,00;-597,92;0,00;-584,29;0,00;-32,10;0,00;0,00;0,00;0,00;0,00;0,00;0,00;5502,93;0,00;924,74;0,00;0,00;0,00;0,00;0,00;924,74;0,00
2016;07;2865092;***.498.902-**;ANDERSON VIEIRA DE LIMA;6717,24;0,00;0,00;0,00;0,00;0,00;0,00;0,00;0,00;0,00;0,00;0,00;-597,92;0,00;-584,29;0,00;-32,10;0,00;0,00;0,00;0,00;0,00;0,00;0,00;5502,93;0,00;924,74;0,00;0,00;0,00;0,00;0,00;924,74;0,00
2016;08;2865092;***.498.902-**;ANDERSON VIEIRA DE LIMA;7106,67;0,00;0,00;0,00;0,00;0,00;0,00;0,00;0,00;0,00;0,00;0,00;-684,96;0,00;-618,60;0,00;-32,10;0,00;0,00;0,00;0,00;0,00;0,00;0,00;5771,01;0,00;922,97;0,00;0,00;0,00;0,00;0,00;922,97;0,00
2016;09;2865092;***.498.902-**;ANDERSON VIEIRA DE LIMA;7267,92;0,00;0,00;0,00;0,00;0,00;0,00;0,00;0,00;0,00;0,00;0,00;-720,18;0,00;-636,13;0,00;-32,10;0,00;0,00;0,00;0,00;0,00;0,00;0,00;5879,51;0,00;922,15;0,00;0,00;0,00;0,00;0,00;922,15;0,00
2016;10;2865092;***.498.902-**;ANDERSON VIEIRA DE LIMA;7267,92;0,00;0,00;0,00;0,00;0,00;0,00;0,00;0,00;0,00;0,00;0,00;-720,18;0,00;-636,13;0,00;-79,80;0,00;0,00;0,00;0,00;0,00;0,00;0,00;5831,81;0,00;922,15;0,00;0,00;0,00;0,00;0,00;922,15;0,00
2016;11;2865092;***.498.902-**;ANDERSON VIEIRA DE LIMA;7267,92;0,00;0,00;0,00;7267,92;0,00;0,00;0,00;0,00;0,00;0,00;0,00;-1440,36;0,00;-1272,26;0,00;-3390,72;0,00;0,00;0,00;0,00;0,00;0,00;0,00;8432,50;0,00;922,15;0,00;0,00;0,00;0,00;0,00;922,15;0,00
2016;12;2865092;***.498.902-**;ANDERSON VIEIRA DE LIMA;7267,92;0,00;0,00;0,00;3633,96;0,00;0,00;0,00;3426,14;0,00;0,00;0,00;-885,19;0,00;-723,88;0,00;-79,80;0,00;0,00;0,00;0,00;0,00;0,00;0,00;12639,15;0,00;922,15;0,00;0,00;0,00;0,00;0,00;922,15;0,00
2017;01;2865092;***.498.902-**;ANDERSON VIEIRA DE LIMA;8313,74;0,00;0,00;0,00;0,00;0,00;0,00;0,00;556,02;0,00;0,00;0,00;-982,42;0,00;-760,77;0,00;-73,59;0,00;0,00;0,00;0,00;0,00;0,00;0,00;7052,98;0,00;917,58;0,00;0,00;0,00;0,00;0,00;917,58;0,00
2017;02;2865092;***.498.902-**;ANDERSON VIEIRA DE LIMA;8313,74;0,00;0,00;0,00;0,00;0,00;0,00;0,00;0,00;0,00;0,00;0,00;-686,35;0,00;-609,07;0,00;-1247,63;0,00;0,00;0,00;0,00;0,00;0,00;0,00;5770,69;0,00;917,58;0,00;0,00;0,00;0,00;0,00;917,58;0,00
2017;03;2865092;***.498.902-**;ANDERSON VIEIRA DE LIMA;8313,74;0,00;0,00;0,00;0,00;0,00;0,00;0,00;0,00;0,00;0,00;0,00;-950,49;0,00;-742,27;0,00;-32,10;0,00;0,00;0,00;0,00;0,00;0,00;0,00;6588,88;0,00;917,58;0,00;0,00;0,00;0,00;0,00;917,58;0,00
2017;04;2865092;***.498.902-**;ANDERSON VIEIRA DE LIMA;8313,74;0,00;0,00;0,00;0,00;0,00;0,00;0,00;0,00;0,00;0,00;0,00;-950,49;0,00;-742,27;0,00;-32,10;0,00;0,00;0,00;0,00;0,00;0,00;0,00;6588,88;0,00;917,58;0,00;0,00;0,00;0,00;0,00;917,58;0,00
2017;05;2865092;***.498.902-**;ANDERSON VIEIRA DE LIMA;8313,74;0,00;0,00;0,00;0,00;0,00;0,00;0,00;0,00;0,00;0,00;0,00;-950,49;0,00;-742,27;0,00;-985,90;0,00;0,00;0,00;0,00;0,00;0,00;0,00;5635,08;0,00;917,58;0,00;0,00;0,00;0,00;0,00;917,58;0,00
2017;06;2865092;***.498.902-**;ANDERSON VIEIRA DE LIMA;8313,74;0,00;0,00;0,00;0,00;0,00;0,00;0,00;0,00;0,00;0,00;0,00;-950,49;0,00;-742,27;0,00;-985,90;0,00;0,00;0,00;0,00;0,00;0,00;0,00;5635,08;0,00;917,58;0,00;0,00;0,00;0,00;0,00;917,58;0,00
2017;07;2865092;***.498.902-**;ANDERSON VIEIRA DE LIMA;8313,74;0,00;0,00;0,00;0,00;0,00;0,00;0,00;0,00;0,00;0,00;0,00;-950,49;0,00;-742,27;0,00;-985,90;0,00;0,00;0,00;0,00;0,00;0,00;0,00;5635,08;0,00;917,58;0,00;0,00;0,00;0,00;0,00;917,58;0,00
2017;08;2865092;***.498.902-**;ANDERSON VIEIRA DE LIMA;8313,74;0,00;0,00;0,00;0,00;0,00;0,00;0,00;0,00;0,00;0,00;0,00;-950,49;0,00;-742,27;0,00;-1068,88;0,00;0,00;0,00;0,00;0,00;0,00;0,00;5552,10;0,00;917,58;0,00;0,00;0,00;0,00;0,00;917,58;0,00
2017;09;2865092;***.498.902-**;ANDERSON VIEIRA DE LIMA;8512,92;0,00;0,00;0,00;0,00;0,00;0,00;0,00;0,00;0,00;0,00;0,00;-994,01;0,00;-763,92;0,00;-1014,36;0,00;0,00;0,00;0,00;0,00;0,00;0,00;5740,63;0,00;916,55;0,00;0,00;0,00;0,00;0,00;916,55;0,00
2017;10;2865092;***.498.902-**;ANDERSON VIEIRA DE LIMA;8512,92;0,00;0,00;0,00;0,00;0,00;0,00;0,00;0,00;0,00;0,00;0,00;-994,01;0,00;-763,92;0,00;-973,10;0,00;0,00;0,00;0,00;0,00;0,00;0,00;5781,89;0,00;595,55;0,00;0,00;0,00;0,00;0,00;595,55;0,00
2017;11;2865092;***.498.902-**;ANDERSON VIEIRA DE LIMA;8512,92;0,00;0,00;0,00;8512,92;0,00;0,00;0,00;0,00;0,00;0,00;0,00;-1988,02;0,00;-1527,84;0,00;-5035,07;0,00;0,00;0,00;0,00;0,00;0,00;0,00;8474,91;0,00;595,55;0,00;0,00;0,00;0,00;0,00;595,55;0,00
2017;12;2865092;***.498.902-**;ANDERSON VIEIRA DE LIMA;8512,92;0,00;0,00;0,00;4256,46;0,00;0,00;0,00;2837,64;0,00;0,00;0,00;-950,72;0,00;-763,92;0,00;-2026,58;0,00;0,00;0,00;0,00;0,00;0,00;0,00;11865,80;0,00;595,55;0,00;0,00;0,00;0,00;0,00;595,55;0,00
2018;01;2865092;***.498.902-**;ANDERSON VIEIRA DE LIMA;8583,26;0,00;0,00;0,00;0,00;0,00;0,00;0,00;23,44;0,00;0,00;0,00;-1010,28;0,00;-763,92;0,00;-1007,17;0,00;0,00;0,00;0,00;0,00;0,00;0,00;5825,33;0,00;595,55;0,00;0,00;0,00;0,00;0,00;595,55;0,00
2018;02;2865092;***.498.902-**;ANDERSON VIEIRA DE LIMA;8583,26;0,00;0,00;0,00;0,00;0,00;0,00;0,00;0,00;0,00;0,00;0,00;-1011,25;0,00;-763,92;0,00;0,00;0,00;0,00;0,00;0,00;0,00;0,00;0,00;6808,09;0,00;595,55;0,00;0,00;0,00;0,00;0,00;595,55;0,00
2018;03;2865092;***.498.902-**;ANDERSON VIEIRA DE LIMA;8583,26;0,00;0,00;0,00;0,00;0,00;0,00;0,00;0,00;0,00;0,00;0,00;-1011,25;0,00;-763,92;0,00;0,00;0,00;0,00;0,00;0,00;0,00;0,00;0,00;6808,09;0,00;595,55;0,00;0,00;0,00;0,00;0,00;595,55;0,00
2018;04;2865092;***.498.902-**;ANDERSON VIEIRA DE LIMA;8583,26;0,00;0,00;0,00;0,00;0,00;0,00;0,00;0,00;0,00;0,00;0,00;-1011,25;0,00;-763,92;0,00;0,00;0,00;0,00;0,00;0,00;0,00;0,00;0,00;6808,09;0,00;595,55;0,00;0,00;0,00;0,00;0,00;595,55;0,00
2018;05;2865092;***.498.902-**;ANDERSON VIEIRA DE LIMA;8583,26;0,00;0,00;0,00;0,00;0,00;0,00;0,00;0,00;0,00;0,00;0,00;-1011,25;0,00;-763,92;0,00;0,00;0,00;0,00;0,00;0,00;0,00;0,00;0,00;6808,09;0,00;595,55;0,00;0,00;0,00;0,00;0,00;595,55;0,00
2018;06;2865092;***.498.902-**;ANDERSON VIEIRA DE LIMA;8583,26;0,00;0,00;0,00;0,00;0,00;0,00;0,00;0,00;0,00;0,00;0,00;-1011,25;0,00;-763,92;0,00;0,00;0,00;0,00;0,00;0,00;0,00;0,00;0,00;6808,09;0,00;595,55;0,00;0,00;0,00;0,00;0,00;595,55;0,00
2018;07;2865092;***.498.902-**;ANDERSON VIEIRA DE LIMA;8583,26;0,00;0,00;0,00;0,00;0,00;0,00;0,00;0,00;0,00;0,00;0,00;-1011,25;0,00;-763,92;0,00;0,00;0,00;0,00;0,00;0,00;0,00;0,00;0,00;6808,09;0,00;595,55;0,00;0,00;0,00;0,00;0,00;595,55;0,00
2018;08;2865092;***.498.902-**;ANDERSON VIEIRA DE LIMA;8583,26;0,00;0,00;0,00;0,00;0,00;0,00;0,00;0,00;0,00;0,00;0,00;-1011,25;0,00;-763,92;0,00;0,00;0,00;0,00;0,00;0,00;0,00;0,00;0,00;6808,09;0,00;595,55;0,00;0,00;0,00;0,00;0,00;595,55;0,00
2018;09;2865092;***.498.902-**;ANDERSON VIEIRA DE LIMA;8915,01;0,00;0,00;0,00;0,00;0,00;0,00;0,00;0,00;0,00;0,00;0,00;-1083,68;0,00;-800,15;0,00;0,00;0,00;0,00;0,00;0,00;0,00;0,00;0,00;7031,18;0,00;594,48;0,00;0,00;0,00;0,00;0,00;594,48;0,00
2018;10;2865092;***.498.902-**;ANDERSON VIEIRA DE LIMA;8915,01;0,00;0,00;0,00;0,00;0,00;0,00;0,00;0,00;0,00;0,00;0,00;-1083,68;0,00;-800,15;0,00;0,00;0,00;0,00;0,00;0,00;0,00;0,00;0,00;7031,18;0,00;594,48;0,00;0,00;0,00;0,00;0,00;594,48;0,00
2018;11;2865092;***.498.902-**;ANDERSON VIEIRA DE LIMA;8915,01;0,00;0,00;0,00;8915,01;0,00;0,00;0,00;0,00;0,00;0,00;0,00;-2167,36;0,00;-1600,30;0,00;-4256,46;0,00;0,00;0,00;0,00;0,00;0,00;0,00;9805,90;0,00;594,48;0,00;0,00;0,00;0,00;0,00;594,48;0,00
2018;12;2865092;***.498.902-**;ANDERSON VIEIRA DE LIMA;8915,01;0,00;0,00;0,00;4457,50;0,00;0,00;0,00;2971,67;0,00;0,00;0,00;-1055,80;0,00;-800,15;0,00;-27,24;0,00;0,00;0,00;0,00;0,00;0,00;0,00;14460,99;0,00;594,48;0,00;0,00;0,00;0,00;0,00;594,48;0,00
2019;01;2865092;***.498.902-**;ANDERSON VIEIRA DE LIMA;8895,00;0,00;0,00;0,00;0,00;0,00;0,00;0,00;0,00;0,00;0,00;0,00;-1079,05;0,00;-800,15;0,00;-115,63;0,00;0,00;0,00;0,00;0,00;0,00;0,00;6900,17;0,00;594,48;0,00;0,00;0,00;0,00;0,00;594,48;0,00
2019;02;2865092;***.498.902-**;ANDERSON VIEIRA DE LIMA;8895,00;0,00;0,00;0,00;0,00;0,00;0,00;0,00;0,00;0,00;0,00;0,00;-1078,77;0,00;-800,15;0,00;0,00;0,00;0,00;0,00;0,00;0,00;0,00;0,00;7016,08;0,00;594,48;0,00;0,00;0,00;0,00;0,00;594,48;0,00
2019;03;2865092;***.498.902-**;ANDERSON VIEIRA DE LIMA;8895,00;0,00;0,00;0,00;0,00;0,00;0,00;0,00;0,00;0,00;0,00;0,00;-1078,77;0,00;-800,15;0,00;0,00;0,00;0,00;0,00;0,00;0,00;0,00;0,00;7016,08;0,00;594,48;0,00;0,00;0,00;0,00;0,00;594,48;0,00
2019;04;2865092;***.498.902-**;ANDERSON VIEIRA DE LIMA;8895,00;0,00;0,00;0,00;0,00;0,00;0,00;0,00;0,00;0,00;0,00;0,00;-1078,77;0,00;-800,15;0,00;0,00;0,00;0,00;0,00;0,00;0,00;0,00;0,00;7016,08;0,00;594,48;0,00;0,00;0,00;0,00;0,00;594,48;0,00
2019;05;2865092;***.498.902-**;ANDERSON VIEIRA DE LIMA;8895,00;0,00;0,00;0,00;0,00;0,00;0,00;0,00;0,00;0,00;0,00;0,00;-1078,77;0,00;-800,15;0,00;0,00;0,00;0,00;0,00;0,00;0,00;0,00;0,00;7016,08;0,00;594,48;0,00;0,00;0,00;0,00;0,00;594,48;0,00
2019;06;2865092;***.498.902-**;ANDERSON VIEIRA DE LIMA;8895,00;0,00;0,00;0,00;0,00;0,00;0,00;0,00;0,00;0,00;0,00;0,00;-1078,77;0,00;-800,15;0,00;0,00;0,00;0,00;0,00;0,00;0,00;0,00;0,00;7016,08;0,00;594,48;0,00;0,00;0,00;0,00;0,00;594,48;0,00
2019;07;2865092;***.498.902-**;ANDERSON VIEIRA DE LIMA;8895,00;0,00;0,00;0,00;0,00;0,00;0,00;0,00;0,00;0,00;0,00;0,00;-1078,77;0,00;-800,15;0,00;0,00;0,00;0,00;0,00;0,00;0,00;0,00;0,00;7016,08;0,00;594,48;0,00;0,00;0,00;0,00;0,00;594,48;0,00
2019;08;2865092;***.498.902-**;ANDERSON VIEIRA DE LIMA;8895,00;0,00;0,00;0,00;0,00;0,00;0,00;0,00;0,00;0,00;0,00;0,00;-1078,77;0,00;-800,15;0,00;0,00;0,00;0,00;0,00;0,00;0,00;0,00;0,00;7016,08;0,00;594,48;0,00;0,00;0,00;0,00;0,00;594,48;0,00
2019;09;2865092;***.498.902-**;ANDERSON VIEIRA DE LIMA;9110,38;0,00;0,00;0,00;0,00;0,00;0,00;0,00;0,00;0,00;0,00;0,00;-1125,75;0,00;-823,84;0,00;0,00;0,00;0,00;0,00;0,00;0,00;0,00;0,00;7160,79;0,00;593,35;0,00;0,00;0,00;0,00;0,00;593,35;0,00
2019;10;2865092;***.498.902-**;ANDERSON VIEIRA DE LIMA;9110,38;0,00;0,00;0,00;0,00;0,00;0,00;0,00;0,00;0,00;0,00;0,00;-1125,75;0,00;-823,84;0,00;0,00;0,00;0,00;0,00;0,00;0,00;0,00;0,00;7160,79;0,00;593,35;0,00;0,00;0,00;0,00;0,00;593,35;0,00
2019;11;2865092;***.498.902-**;ANDERSON VIEIRA DE LIMA;9110,38;0,00;0,00;0,00;9110,38;0,00;0,00;0,00;0,00;0,00;0,00;0,00;-2251,50;0,00;-1647,68;0,00;-4457,50;0,00;0,00;0,00;0,00;0,00;0,00;0,00;9864,08;0,00;593,35;0,00;0,00;0,00;0,00;0,00;593,35;0,00
2019;12;2865092;***.498.902-**;ANDERSON VIEIRA DE LIMA;9110,38;0,00;0,00;0,00;4555,19;0,00;0,00;0,00;3036,79;0,00;57,50;0,00;-1121,82;0,00;-823,84;0,00;-112,75;0,00;0,00;0,00;0,00;0,00;0,00;0,00;14701,45;0,00;593,35;0,00;0,00;0,00;0,00;0,00;593,35;0,00
2020;01;2865092;***.498.902-**;ANDERSON VIEIRA DE LIMA;9110,38;0,00;0,00;0,00;0,00;0,00;0,00;0,00;0,00;0,00;0,00;0,00;-1125,75;0,00;-823,84;0,00;-22,55;0,00;0,00;0,00;0,00;0,00;0,00;0,00;7138,24;0,00;593,35;0,00;0,00;0,00;0,00;0,00;593,35;0,00
2020;02;2865092;***.498.902-**;ANDERSON VIEIRA DE LIMA;9110,38;0,00;0,00;0,00;0,00;0,00;0,00;0,00;0,00;0,00;3392,50;0,00;-2097,18;0,00;-823,84;0,00;0,00;0,00;0,00;0,00;0,00;0,00;0,00;0,00;9581,86;0,00;593,35;0,00;0,00;0,00;0,00;0,00;593,35;0,00
2020;03;2865092;***.498.902-**;ANDERSON VIEIRA DE LIMA;9110,38;0,00;0,00;0,00;0,00;0,00;0,00;0,00;0,00;0,00;4945,00;0,00;-2519,52;0,00;-914,42;0,00;0,00;0,00;0,00;0,00;0,00;0,00;0,00;0,00;10621,44;0,00;593,35;0,00;0,00;0,00;0,00;0,00;593,35;0,00
2020;04;2865092;***.498.902-**;ANDERSON VIEIRA DE LIMA;9110,38;0,00;0,00;0,00;0,00;0,00;0,00;0,00;0,00;0,00;0,00;0,00;-1103,55;0,00;-914,42;0,00;0,00;0,00;0,00;0,00;0,00;0,00;0,00;0,00;7092,41;0,00;593,35;0,00;0,00;0,00;0,00;0,00;593,35;0,00
2020;05;2865092;***.498.902-**;ANDERSON VIEIRA DE LIMA;9110,38;0,00;0,00;0,00;0,00;0,00;0,00;0,00;0,00;0,00;12362,50;0,00;-4643,48;0,00;-914,42;0,00;0,00;0,00;0,00;0,00;0,00;0,00;0,00;0,00;15914,98;0,00;593,35;0,00;0,00;0,00;0,00;0,00;593,35;0,00
2020;06;2865092;***.498.902-**;ANDERSON VIEIRA DE LIMA;9110,38;0,00;0,00;0,00;0,00;0,00;0,00;0,00;0,00;0,00;3162,50;0,00;-2009,12;0,00;-914,42;0,00;0,00;0,00;0,00;0,00;0,00;0,00;0,00;0,00;9349,34;0,00;593,35;0,00;0,00;0,00;0,00;0,00;593,35;0,00
2020;07;2865092;***.498.902-**;ANDERSON VIEIRA DE LIMA;9110,38;0,00;0,00;0,00;0,00;0,00;0,00;0,00;0,00;0,00;977,50;0,00;-1383,45;0,00;-914,42;0,00;0,00;0,00;0,00;0,00;0,00;0,00;0,00;0,00;7790,01;0,00;593,35;0,00;0,00;0,00;0,00;0,00;593,35;0,00
2020;08;2865092;***.498.902-**;ANDERSON VIEIRA DE LIMA;9110,38;0,00;0,00;0,00;0,00;0,00;0,00;0,00;0,00;0,00;1265,00;0,00;-1465,78;0,00;-914,42;0,00;0,00;0,00;0,00;0,00;0,00;0,00;0,00;0,00;7995,18;0,00;593,35;0,00;0,00;0,00;0,00;0,00;593,35;0,00
2020;09;2865092;***.498.902-**;ANDERSON VIEIRA DE LIMA;9331,51;0,00;0,00;0,00;0,00;0,00;0,00;0,00;0,00;0,00;57,50;0,00;-1166,36;0,00;-946,48;0,00;0,00;0,00;0,00;0,00;0,00;0,00;0,00;0,00;7276,17;0,00;592,18;0,00;0,00;0,00;0,00;0,00;592,18;0,00
2020;10;2865092;***.498.902-**;ANDERSON VIEIRA DE LIMA;9331,51;0,00;0,00;0,00;0,00;0,00;0,00;0,00;0,00;0,00;115,00;0,00;-1182,83;0,00;-946,46;0,00;0,00;0,00;0,00;0,00;0,00;0,00;0,00;0,00;7317,22;0,00;592,18;0,00;0,00;0,00;0,00;0,00;592,18;0,00
2020;11;2865092;***.498.902-**;ANDERSON VIEIRA DE LIMA;9331,51;0,00;0,00;0,00;9331,51;0,00;0,00;0,00;0,00;0,00;575,00;0,00;-2464,44;0,00;-1892,92;0,00;-4559,66;0,00;0,00;0,00;0,00;0,00;0,00;0,00;10321,00;0,00;592,18;0,00;0,00;0,00;0,00;0,00;592,18;0,00
2020;12;2865092;***.498.902-**;ANDERSON VIEIRA DE LIMA;9331,51;0,00;0,00;0,00;4665,75;0,00;0,00;0,00;3110,50;0,00;4370,00;0,00;-2389,29;0,00;-946,46;0,00;-107,28;0,00;0,00;0,00;0,00;0,00;0,00;0,00;18034,73;0,00;592,18;0,00;0,00;0,00;0,00;0,00;592,18;0,00
2021;01;2865092;***.498.902-**;ANDERSON VIEIRA DE LIMA;9331,51;0,00;0,00;0,00;0,00;0,00;0,00;0,00;0,00;0,00;862,50;0,00;-1399,15;0,00;-937,14;0,00;-22,35;0,00;0,00;0,00;0,00;0,00;0,00;0,00;7835,37;0,00;592,18;0,00;0,00;0,00;0,00;0,00;592,18;0,00
2021;02;2865092;***.498.902-**;ANDERSON VIEIRA DE LIMA;9331,51;0,00;0,00;0,00;0,00;0,00;0,00;0,00;0,00;0,00;862,50;0,00;-1399,15;0,00;-937,14;0,00;0,00;0,00;0,00;0,00;0,00;0,00;0,00;0,00;7857,72;0,00;592,18;0,00;0,00;0,00;0,00;0,00;592,18;0,00
2021;03;2865092;***.498.902-**;ANDERSON VIEIRA DE LIMA;9331,51;0,00;0,00;0,00;0,00;0,00;0,00;0,00;0,00;0,00;1092,50;0,00;-1465,01;0,00;-937,14;0,00;0,00;0,00;0,00;0,00;0,00;0,00;0,00;0,00;8021,86;0,00;592,18;0,00;0,00;0,00;0,00;0,00;592,18;0,00
2021;04;2865092;***.498.902-**;ANDERSON VIEIRA DE LIMA;9331,51;0,00;0,00;0,00;0,00;0,00;0,00;0,00;0,00;0,00;517,50;0,00;-1300,37;0,00;-937,14;0,00;0,00;0,00;0,00;0,00;0,00;0,00;0,00;0,00;7611,50;0,00;592,18;0,00;0,00;0,00;0,00;0,00;592,18;0,00
2021;05;2865092;***.498.902-**;ANDERSON VIEIRA DE LIMA;9331,51;0,00;0,00;0,00;0,00;0,00;0,00;0,00;0,00;0,00;1035,00;0,00;-1448,55;0,00;-937,14;0,00;0,00;0,00;0,00;0,00;0,00;0,00;0,00;0,00;7980,82;0,00;592,18;0,00;0,00;0,00;0,00;0,00;592,18;0,00
2021;06;2865092;***.498.902-**;ANDERSON VIEIRA DE LIMA;9331,51;0,00;0,00;0,00;0,00;0,00;0,00;0,00;0,00;0,00;0,00;0,00;-1152,18;0,00;-937,14;0,00;0,00;0,00;0,00;0,00;0,00;0,00;0,00;0,00;7242,19;0,00;592,18;0,00;0,00;0,00;0,00;0,00;592,18;0,00
2021;07;2865092;***.498.902-**;ANDERSON VIEIRA DE LIMA;9331,51;0,00;0,00;0,00;0,00;0,00;0,00;0,00;0,00;0,00;8222,50;0,00;-3506,64;0,00;-937,14;0,00;0,00;0,00;0,00;0,00;0,00;0,00;0,00;0,00;13110,23;0,00;592,18;0,00;0,00;0,00;0,00;0,00;592,18;0,00
2021;08;2865092;***.498.902-**;ANDERSON VIEIRA DE LIMA;9331,51;0,00;0,00;0,00;0,00;0,00;0,00;0,00;0,00;0,00;2472,50;0,00;-1860,17;0,00;-937,14;0,00;-93,87;0,00;0,00;0,00;0,00;0,00;0,00;0,00;8912,83;0,00;592,18;0,00;0,00;0,00;0,00;0,00;592,18;0,00
2021;09;2865092;***.498.902-**;ANDERSON VIEIRA DE LIMA;9560,66;0,00;0,00;0,00;0,00;0,00;0,00;0,00;0,00;0,00;402,50;0,00;-1315,46;0,00;-970,36;0,00;-17,72;0,00;0,00;0,00;0,00;0,00;0,00;0,00;7659,62;0,00;590,96;0,00;0,00;0,00;0,00;0,00;590,96;0,00
2021;10;2865092;***.498.902-**;ANDERSON VIEIRA DE LIMA;9560,66;0,00;0,00;0,00;0,00;0,00;0,00;0,00;0,00;0,00;0,00;0,00;-1200,21;0,00;-970,36;0,00;0,00;0,00;0,00;0,00;0,00;0,00;0,00;0,00;7390,09;0,00;590,96;0,00;0,00;0,00;0,00;0,00;590,96;0,00
2021;11;2865092;***.498.902-**;ANDERSON VIEIRA DE LIMA;9560,66;0,00;0,00;0,00;9560,66;0,00;0,00;0,00;0,00;0,00;0,00;0,00;-2400,42;0,00;-1940,72;0,00;-4665,75;0,00;0,00;0,00;0,00;0,00;0,00;0,00;10114,43;0,00;590,96;0,00;0,00;0,00;0,00;0,00;590,96;0,00
2021;12;2865092;***.498.902-**;ANDERSON VIEIRA DE LIMA;9560,66;0,00;0,00;0,00;4780,33;0,00;0,00;0,00;3186,88;0,00;3277,50;0,00;-2135,55;0,00;-970,36;0,00;0,00;0,00;0,00;0,00;0,00;0,00;0,00;0,00;17699,46;0,00;590,96;0,00;0,00;0,00;0,00;0,00;590,96;0,00
2022;01;2865092;***.498.902-**;ANDERSON VIEIRA DE LIMA;9560,66;0,00;0,00;0,00;0,00;0,00;0,00;0,00;0,00;0,00;0,00;0,00;-1204,71;0,00;-951,99;0,00;-22,15;0,00;0,00;0,00;0,00;0,00;0,00;0,00;7381,81;0,00;590,96;0,00;0,00;0,00;0,00;0,00;590,96;0,00
2022;02;2865092;***.498.902-**;ANDERSON VIEIRA DE LIMA;9560,66;0,00;0,00;0,00;0,00;0,00;0,00;0,00;0,00;0,00;0,00;0,00;-1204,71;0,00;-951,99;0,00;0,00;0,00;0,00;0,00;0,00;0,00;0,00;0,00;7403,96;0,00;590,96;0,00;0,00;0,00;0,00;0,00;590,96;0,00
2022;03;2865092;***.498.902-**;ANDERSON VIEIRA DE LIMA;9560,66;0,00;0,00;0,00;0,00;0,00;0,00;0,00;0,00;0,00;0,00;0,00;-1204,71;0,00;-951,99;0,00;0,00;0,00;0,00;0,00;0,00;0,00;0,00;0,00;7403,96;0,00;590,96;0,00;0,00;0,00;0,00;0,00;590,96;0,00
2022;04;2865092;***.498.902-**;ANDERSON VIEIRA DE LIMA;9560,65;0,00;0,00;0,00;0,00;0,00;0,00;0,00;0,00;0,00;57,50;0,00;-1221,17;0,00;-951,99;0,00;0,00;0,00;0,00;0,00;0,00;0,00;0,00;0,00;7444,99;0,00;590,96;0,00;0,00;0,00;0,00;0,00;590,96;0,00
2022;05;2865092;***.498.902-**;ANDERSON VIEIRA DE LIMA;9560,65;0,00;0,00;0,00;0,00;0,00;0,00;0,00;0,00;0,00;172,50;0,00;-1254,10;0,00;-951,99;0,00;0,00;0,00;0,00;0,00;0,00;0,00;0,00;0,00;7527,06;0,00;590,96;0,00;0,00;0,00;0,00;0,00;590,96;0,00
2022;06;2865092;***.498.902-**;ANDERSON VIEIRA DE LIMA;9560,65;0,00;0,00;0,00;0,00;0,00;0,00;0,00;0,00;0,00;9890,00;0,00;-4036,64;0,00;-951,99;0,00;0,00;0,00;0,00;0,00;0,00;0,00;0,00;0,00;14462,02;0,00;590,96;0,00;0,00;0,00;0,00;0,00;590,96;0,00
2022;07;2865092;***.498.902-**;ANDERSON VIEIRA DE LIMA;9560,65;0,00;0,00;0,00;0,00;0,00;0,00;0,00;0,00;0,00;7015,00;0,00;-3213,41;0,00;-951,99;0,00;0,00;0,00;0,00;0,00;0,00;0,00;0,00;0,00;12410,25;0,00;590,96;0,00;0,00;0,00;0,00;0,00;590,96;0,00
2022;08;2865092;***.498.902-**;ANDERSON VIEIRA DE LIMA;9560,65;0,00;0,00;0,00;0,00;0,00;0,00;0,00;0,00;0,00;10120,00;0,00;-4102,50;0,00;-951,99;0,00;0,00;0,00;0,00;0,00;0,00;0,00;0,00;0,00;14626,16;0,00;590,96;0,00;0,00;0,00;0,00;0,00;590,96;0,00
2022;09;2865092;***.498.902-**;ANDERSON VIEIRA DE LIMA;9881,13;0,00;0,00;0,00;0,00;0,00;0,00;0,00;0,00;0,00;11615,00;0,00;-4597,75;0,00;-998,46;0,00;0,00;0,00;0,00;0,00;0,00;0,00;0,00;0,00;15899,92;0,00;590,75;0,00;0,00;0,00;0,00;0,00;590,75;0,00
2022;10;2865092;***.498.902-**;ANDERSON VIEIRA DE LIMA;9881,13;0,00;0,00;0,00;0,00;0,00;0,00;0,00;0,00;0,00;6555,00;0,00;-3148,84;0,00;-998,46;0,00;0,00;0,00;0,00;0,00;0,00;0,00;0,00;0,00;12288,83;0,00;590,75;0,00;0,00;0,00;0,00;0,00;590,75;0,00
2022;11;2865092;***.498.902-**;ANDERSON VIEIRA DE LIMA;9881,13;0,00;0,00;0,00;9881,13;0,00;0,00;0,00;0,00;0,00;0,00;0,00;-2543,72;0,00;-1996,92;0,00;-4780,33;0,00;0,00;0,00;0,00;0,00;0,00;0,00;10441,29;0,00;590,75;0,00;0,00;0,00;0,00;0,00;590,75;0,00
2022;12;2865092;***.498.902-**;ANDERSON VIEIRA DE LIMA;9881,13;0,00;0,00;0,00;4940,56;0,00;0,00;0,00;3293,71;0,00;11097,50;0,00;-4458,69;0,00;-998,46;0,00;0,00;0,00;0,00;0,00;0,00;0,00;0,00;0,00;23755,75;0,00;590,75;0,00;0,00;0,00;0,00;0,00;590,75;0,00
2023;01;2865092;***.498.902-**;ANDERSON VIEIRA DE LIMA;9881,13;0,00;0,00;0,00;0,00;0,00;0,00;0,00;0,00;0,00;14030,00;0,00;-5292,23;0,00;-986,37;0,00;-119,34;0,00;0,00;0,00;0,00;0,00;0,00;0,00;17513,19;0,00;590,75;0,00;0,00;0,00;0,00;0,00;590,75;0,00
2023;02;2865092;***.498.902-**;ANDERSON VIEIRA DE LIMA;9881,13;0,00;0,00;0,00;0,00;0,00;0,00;0,00;0,00;0,00;0,00;0,00;-1274,82;0,00;-986,37;0,00;-13,26;0,00;0,00;0,00;0,00;0,00;0,00;0,00;7606,68;0,00;590,75;0,00;0,00;0,00;0,00;0,00;590,75;0,00
2023;03;2865092;***.498.902-**;ANDERSON VIEIRA DE LIMA;9881,13;0,00;0,00;0,00;0,00;0,00;0,00;0,00;0,00;0,00;0,00;0,00;-1274,82;0,00;-986,37;0,00;0,00;0,00;0,00;0,00;0,00;0,00;0,00;0,00;7619,94;0,00;590,75;0,00;0,00;0,00;0,00;0,00;590,75;0,00
2023;04;2865092;***.498.902-**;ANDERSON VIEIRA DE LIMA;9881,13;0,00;0,00;0,00;0,00;0,00;0,00;0,00;0,00;0,00;0,00;0,00;-1274,82;0,00;-986,37;0,00;0,00;0,00;0,00;0,00;0,00;0,00;0,00;0,00;7619,94;0,00;790,75;0,00;0,00;0,00;0,00;0,00;790,75;0,00
2023;05;2865092;***.498.902-**;ANDERSON VIEIRA DE LIMA;10769,98;0,00;0,00;0,00;0,00;0,00;0,00;0,00;0,00;0,00;0,00;0,00;-1450,10;0,00;-1093,83;0,00;0,00;0,00;0,00;0,00;0,00;0,00;0,00;0,00;8226,05;0,00;786,86;0,00;0,00;0,00;0,00;0,00;786,86;0,00
2023;06;2865092;***.498.902-**;ANDERSON VIEIRA DE LIMA;10769,98;0,00;0,00;0,00;0,00;0,00;0,00;0,00;0,00;0,00;0,00;0,00;-1450,10;0,00;-1093,83;0,00;0,00;0,00;0,00;0,00;0,00;0,00;0,00;0,00;8226,05;0,00;786,86;0,00;0,00;0,00;0,00;0,00;786,86;0,00
2023;07;2865092;***.498.902-**;ANDERSON VIEIRA DE LIMA;10769,98;0,00;0,00;0,00;0,00;0,00;0,00;0,00;0,00;0,00;0,00;0,00;-1450,10;0,00;-1093,83;0,00;0,00;0,00;0,00;0,00;0,00;0,00;0,00;0,00;8226,05;0,00;786,86;0,00;0,00;0,00;0,00;0,00;786,86;0,00
2023;08;2865092;***.498.902-**;ANDERSON VIEIRA DE LIMA;10769,98;0,00;0,00;0,00;0,00;0,00;0,00;0,00;0,00;0,00;0,00;0,00;-1450,10;0,00;-1093,83;0,00;0,00;0,00;0,00;0,00;0,00;0,00;0,00;0,00;8226,05;0,00;786,86;0,00;0,00;0,00;0,00;0,00;786,86;0,00
2023;09;2865092;***.498.902-**;ANDERSON VIEIRA DE LIMA;11038,84;0,00;0,00;0,00;0,00;0,00;0,00;0,00;0,00;0,00;9033,80;0,00;-4093,21;0,00;-1132,81;0,00;0,00;0,00;0,00;0,00;0,00;0,00;0,00;0,00;14846,62;0,00;785,46;0,00;0,00;0,00;0,00;0,00;785,46;0,00
2023;10;2865092;***.498.902-**;ANDERSON VIEIRA DE LIMA;11038,84;0,00;0,00;0,00;0,00;0,00;0,00;0,00;0,00;0,00;5512,76;0,00;-3084,98;0,00;-1132,81;0,00;0,00;0,00;0,00;0,00;0,00;0,00;0,00;0,00;12333,81;0,00;785,46;0,00;0,00;0,00;0,00;0,00;785,46;0,00
2023;11;2865092;***.498.902-**;ANDERSON VIEIRA DE LIMA;11038,84;0,00;0,00;0,00;11038,84;0,00;0,00;0,00;0,00;0,00;3074,28;0,00;-3893,18;0,00;-2265,62;0,00;-4940,56;0,00;0,00;0,00;0,00;0,00;0,00;0,00;14052,60;0,00;785,46;0,00;0,00;0,00;0,00;0,00;785,46;0,00
2023;12;2865092;***.498.902-**;ANDERSON VIEIRA DE LIMA;11038,84;0,00;0,00;0,00;5519,42;0,00;0,00;0,00;3679,61;0,00;822,80;0,00;-1696,82;0,00;-1132,81;0,00;0,00;0,00;0,00;0,00;0,00;0,00;0,00;0,00;18231,04;0,00;785,46;0,00;0,00;0,00;0,00;0,00;785,46;0,00
2024;01;2865092;***.498.902-**;ANDERSON VIEIRA DE LIMA;11038,84;0,00;0,00;0,00;0,00;0,00;0,00;0,00;0,00;0,00;3544,84;0,00;-2488,05;0,00;-1124,32;0,00;-263,60;0,00;0,00;0,00;0,00;0,00;0,00;0,00;10707,71;0,00;785,46;0,00;0,00;0,00;0,00;0,00;785,46;0,00
2024;02;2865092;***.498.902-**;ANDERSON VIEIRA DE LIMA;11038,84;0,00;0,00;0,00;0,00;0,00;0,00;0,00;0,00;0,00;0,00;0,00;-1480,87;0,00;-1124,32;0,00;-74,40;0,00;0,00;0,00;0,00;0,00;0,00;0,00;8359,25;0,00;785,46;0,00;0,00;0,00;0,00;0,00;785,46;0,00
2024;03;2865092;***.498.902-**;ANDERSON VIEIRA DE LIMA;11038,84;0,00;0,00;0,00;0,00;0,00;0,00;0,00;0,00;0,00;0,00;0,00;-1497,02;0,00;-1124,32;0,00;0,00;0,00;0,00;0,00;0,00;0,00;0,00;0,00;8417,50;0,00;785,46;0,00;0,00;0,00;0,00;0,00;785,46;0,00
2024;04;2865092;***.498.902-**;ANDERSON VIEIRA DE LIMA;11038,84;0,00;0,00;0,00;0,00;0,00;0,00;0,00;0,00;0,00;71,40;0,00;-1517,47;0,00;-1124,32;0,00;0,00;0,00;0,00;0,00;0,00;0,00;0,00;0,00;8468,45;0,00;785,46;0,00;0,00;0,00;0,00;0,00;785,46;0,00
2024;05;2865092;***.498.902-**;ANDERSON VIEIRA DE LIMA;11038,84;0,00;0,00;0,00;0,00;0,00;0,00;0,00;0,00;0,00;0,00;0,00;-1497,02;0,00;-1124,32;0,00;0,00;0,00;0,00;0,00;0,00;0,00;0,00;0,00;8417,50;0,00;1469,46;0,00;0,00;0,00;0,00;0,00;1469,46;0,00
2024;06;2865092;***.498.902-**;ANDERSON VIEIRA DE LIMA;11038,84;0,00;0,00;0,00;0,00;0,00;0,00;0,00;0,00;0,00;3572,72;0,00;-2520,05;0,00;-1124,32;0,00;0,00;0,00;0,00;0,00;0,00;0,00;0,00;0,00;10967,19;0,00;1127,46;0,00;0,00;0,00;0,00;0,00;1127,46;0,00
2024;07;2865092;***.498.902-**;ANDERSON VIEIRA DE LIMA;11038,84;0,00;0,00;0,00;0,00;0,00;0,00;0,00;0,00;0,00;5864,32;0,00;-3176,23;0,00;-1124,32;0,00;0,00;0,00;0,00;0,00;0,00;0,00;0,00;0,00;12602,61;0,00;1127,46;0,00;0,00;0,00;0,00;0,00;1127,46;0,00
2024;08;2865092;***.498.902-**;ANDERSON VIEIRA DE LIMA;11038,84;0,00;0,00;0,00;0,00;0,00;0,00;0,00;0,00;0,00;9181,36;0,00;-4126,05;0,00;-1124,32;0,00;0,00;0,00;0,00;0,00;0,00;0,00;0,00;0,00;14969,83;0,00;1127,46;0,00;0,00;0,00;0,00;0,00;1127,46;0,00
2024;09;2865092;***.498.902-**;ANDERSON VIEIRA DE LIMA;11319,40;0,00;0,00;0,00;0,00;0,00;0,00;0,00;0,00;0,00;3488,40;0,00;-2554,70;0,00;-1165,00;0,00;-11,58;0,00;0,00;0,00;0,00;0,00;0,00;0,00;11076,52;0,00;1125,99;0,00;0,00;0,00;0,00;0,00;1125,99;0,00
2024;10;2865092;***.498.902-**;ANDERSON VIEIRA DE LIMA;11319,40;0,00;0,00;0,00;0,00;0,00;0,00;0,00;0,00;0,00;170,00;0,00;-1604,50;0,00;-1165,00;0,00;0,00;0,00;0,00;0,00;0,00;0,00;0,00;0,00;8719,90;0,00;1125,99;0,00;0,00;0,00;0,00;0,00;1125,99;0,00
2024;11;2865092;***.498.902-**;ANDERSON VIEIRA DE LIMA;11319,40;0,00;0,00;0,00;11319,40;0,00;0,00;0,00;0,00;0,00;214,20;0,00;-3172,97;0,00;-2330,00;0,00;-5519,42;0,00;0,00;0,00;0,00;0,00;0,00;0,00;11830,61;0,00;1125,99;0,00;0,00;0,00;0,00;0,00;1125,99;0,00
2025;01;2865092;***.498.902-**;ANDERSON VIEIRA DE LIMA;11319,40;0,00;0,00;0,00;5659,70;0,00;0,00;0,00;3773,13;0,00;8289,20;0,00;-3538,44;0,00;-1153,92;0,00;-100,56;0,00;0,00;0,00;0,00;0,00;0,00;0,00;24248,51;0,00;1125,99;0,00;0,00;0,00;0,00;0,00;1125,99;0,00
2025;02;2865092;***.498.902-**;ANDERSON VIEIRA DE LIMA;11319,40;0,00;0,00;0,00;0,00;0,00;0,00;0,00;0,00;0,00;0,00;0,00;-1558,53;0,00;-1153,92;0,00;-25,14;0,00;0,00;0,00;0,00;0,00;0,00;0,00;8581,81;0,00;1125,99;0,00;0,00;0,00;0,00;0,00;1125,99;0,00
2025;03;2865092;***.498.902-**;ANDERSON VIEIRA DE LIMA;11319,40;0,00;0,00;0,00;0,00;0,00;0,00;0,00;0,00;0,00;0,00;0,00;-1558,53;0,00;-1153,92;0,00;0,00;0,00;0,00;0,00;0,00;0,00;0,00;0,00;8606,95;0,00;1126,00;0,00;0,00;0,00;0,00;0,00;1126,00;0,00
2025;04;2865092;***.498.902-**;ANDERSON VIEIRA DE LIMA;12590,41;0,00;0,00;0,00;0,00;0,00;0,00;0,00;423,67;0,00;3654,02;0,00;-2576,82;0,00;-1798,88;0,00;0,00;0,00;0,00;0,00;0,00;0,00;0,00;0,00;12292,40;0,00;1126,00;0,00;0,00;0,00;0,00;0,00;1126,00;0,00
2025;05;2865092;***.498.902-**;ANDERSON VIEIRA DE LIMA;12590,41;0,00;0,00;0,00;0,00;0,00;0,00;0,00;0,00;0,00;0,00;0,00;-1817,27;0,00;-1315,16;0,00;0,00;0,00;0,00;0,00;0,00;0,00;0,00;0,00;9457,98;0,00;1126,00;0,00;0,00;0,00;0,00;0,00;1126,00;0,00
2025;06;2865092;***.498.902-**;ANDERSON VIEIRA DE LIMA;12590,41;0,00;0,00;0,00;0,00;0,00;0,00;0,00;0,00;0,00;0,00;0,00;-1817,27;0,00;-1315,16;0,00;-11,46;0,00;0,00;0,00;0,00;0,00;0,00;0,00;9446,52;0,00;1126,00;0,00;0,00;0,00;0,00;0,00;1126,00;0,00
2025;07;2865092;***.498.902-**;ANDERSON VIEIRA DE LIMA;12590,41;0,00;0,00;0,00;0,00;0,00;0,00;0,00;0,00;0,00;829,60;0,00;-2054,82;0,00;-1315,16;0,00;-17,18;0,00;0,00;0,00;0,00;0,00;0,00;0,00;10032,85;0,00;1126,00;0,00;0,00;0,00;0,00;0,00;1126,00;0,00
2025;08;2865092;***.498.902-**;ANDERSON VIEIRA DE LIMA;12590,41;0,00;0,00;0,00;0,00;0,00;0,00;0,00;0,00;0,00;1672,80;0,00;-2296,27;0,00;-1315,16;0,00;0,00;0,00;0,00;0,00;0,00;0,00;0,00;0,00;10651,78;0,00;1131,73;0,00;0,00;0,00;0,00;0,00;1131,73;0,00
2025;09;2865092;***.498.902-**;ANDERSON VIEIRA DE LIMA;13005,89;0,00;0,00;0,00;0,00;0,00;0,00;0,00;0,00;0,00;1385,16;0,00;-2243,83;0,00;-1375,41;0,00;-5,73;0,00;0,00;0,00;0,00;0,00;0,00;0,00;10766,08;0,00;1123,15;0,00;0,00;0,00;0,00;0,00;1123,15;0,00
2025;10;2865092;***.498.902-**;ANDERSON VIEIRA DE LIMA;13005,89;0,00;0,00;0,00;0,00;0,00;0,00;0,00;0,00;0,00;0,00;0,00;-1904,34;0,00;-1375,41;0,00;-5,73;0,00;0,00;0,00;0,00;0,00;0,00;0,00;9720,41;0,00;1123,15;0,00;0,00;0,00;0,00;0,00;1123,15;0,00
2025;11;2865092;***.498.902-**;ANDERSON VIEIRA DE LIMA;13005,89;0,00;0,00;0,00;13005,89;0,00;0,00;0,00;0,00;0,00;0,00;0,00;-3808,68;0,00;-2750,82;0,00;-5665,30;0,00;0,00;0,00;0,00;0,00;0,00;0,00;13786,98;0,00;1298,15;0,00;0,00;0,00;0,00;0,00;1298,15;0,00
2025;12;2865092;***.498.902-**;ANDERSON VIEIRA DE LIMA;13005,89;0,00;0,00;0,00;6502,94;0,00;0,00;0,00;4335,29;0,00;1879,52;0,00;-2358,03;0,00;-1375,41;0,00;-16,80;0,00;0,00;0,00;0,00;0,00;0,00;0,00;21973,40;0,00;1298,15;0,00;0,00;0,00;0,00;0,00;1298,15;0,00
2026;01;2865092;***.498.902-**;ANDERSON VIEIRA DE LIMA;13179,21;0,00;0,00;0,00;0,00;0,00;0,00;0,00;57,78;0,00;0,00;0,00;-1946,81;0,00;-1365,73;0,00;-117,55;0,00;0,00;0,00;0,00;0,00;0,00;0,00;9806,90;0,00;1298,15;0,00;0,00;0,00;0,00;0,00;1298,15;0,00
2026;02;2865092;***.498.902-**;ANDERSON VIEIRA DE LIMA;13179,21;0,00;0,00;0,00;0,00;0,00;0,00;0,00;0,00;0,00;0,00;0,00;-1949,19;0,00;-1365,73;0,00;-67,17;0,00;0,00;0,00;0,00;0,00;0,00;0,00;9797,12;0,00;1298,15;0,00;0,00;0,00;0,00;0,00;1298,15;0,00
2026;03;2865092;***.498.902-**;ANDERSON VIEIRA DE LIMA;13179,21;0,00;0,00;0,00;0,00;0,00;0,00;0,00;0,00;0,00;0,00;0,00;-1949,19;0,00;-1365,73;0,00;-22,39;0,00;0,00;0,00;0,00;0,00;0,00;0,00;9841,90;0,00;1298,15;0,00;0,00;0,00;0,00;0,00;1298,15;0,00
2026;04;2865092;***.498.902-**;ANDERSON VIEIRA DE LIMA;13776,21;0,00;0,00;0,00;0,00;0,00;0,00;0,00;0,00;0,00;0,00;0,00;-2074,30;0,00;-1452,29;0,00;0,00;0,00;0,00;0,00;0,00;0,00;0,00;0,00;10249,62;0,00;1332,15;0,00;0,00;0,00;0,00;0,00;1332,15;0,00
2026;05;2865092;***.498.902-**;ANDERSON VIEIRA DE LIMA;13776,21;0,00;0,00;0,00;0,00;0,00;0,00;0,00;0,00;0,00;0,00;0,00;-2074,30;0,00;-1452,29;0,00;-72,77;0,00;0,00;0,00;0,00;0,00;0,00;0,00;10176,85;0,00;1315,15;0,00;0,00;0,00;0,00;0,00;1315,15;0,00
2026;06;2865092;***.498.902-**;ANDERSON VIEIRA DE LIMA;13776,21;0,00;0,00;0,00;0,00;0,00;0,00;0,00;0,00;0,00;0,00;0,00;-2074,30;0,00;-1452,29;0,00;-11,20;0,00;0,00;0,00;0,00;0,00;0,00;0,00;10238,42;0,00;1315,15;0,00;0,00;0,00;0,00;0,00;1315,15;0,00
2026;07;2865092;***.498.902-**;ANDERSON VIEIRA DE LIMA;13776,21;0,00;0,00;0,00;0,00;0,00;0,00;0,00;0,00;0,00;0,00;0,00;-2590,16;0,00;-1809,24;0,00;-106,36;0,00;0,00;0,00;0,00;0,00;0,00;0,00;9270,45;0,00;1315,15;0,00;0,00;0,00;0,00;0,00;1315,15;0,00
